[
  {
    "id": "d384cc82-f826-4599-baad-2bc569beda5c",
    "data": [
      {
        "text": "name",
        "alias": "name",
        "meta": "@sys.person",
        "userDefined": true
      },
      {
        "text": " is my name",
        "userDefined": false
      }
    ],
    "isTemplate": false,
    "count": 0,
    "updated": 0
  },
  {
    "id": "ed56889d-cce9-4dfd-9224-f0efb999c356",
    "data": [
      {
        "text": "My name is ",
        "userDefined": false
      },
      {
        "text": "name",
        "alias": "name",
        "meta": "@sys.person",
        "userDefined": true
      }
    ],
    "isTemplate": false,
    "count": 1,
    "updated": 0
  },
  {
    "id": "a6cfc760-6d01-46fc-a171-51f9928d95a9",
    "data": [
      {
        "text": "You can call me ",
        "userDefined": false
      },
      {
        "text": "name",
        "alias": "name",
        "meta": "@sys.person",
        "userDefined": true
      }
    ],
    "isTemplate": false,
    "count": 0,
    "updated": 0
  },
  {
    "id": "c507283e-c891-4eab-bcb3-cba3cb5b620b",
    "data": [
      {
        "text": "I am ",
        "userDefined": false
      },
      {
        "text": "name",
        "alias": "name",
        "meta": "@sys.person",
        "userDefined": true
      }
    ],
    "isTemplate": false,
    "count": 0,
    "updated": 0
  },
  {
    "id": "b6c928a3-833b-48be-b648-15c0d5f1ca6a",
    "data": [
      {
        "text": "name",
        "alias": "name",
        "meta": "@sys.person",
        "userDefined": true
      }
    ],
    "isTemplate": false,
    "count": 0,
    "updated": 0
  }
]