[
  {
    "id": "79e34aac-2154-4077-811a-3fed89238606",
    "data": [
      {
        "text": "I want you to read ",
        "userDefined": false
      },
      {
        "text": "first",
        "alias": "sequence",
        "meta": "@sequence",
        "userDefined": true
      },
      {
        "text": " story",
        "userDefined": false
      }
    ],
    "isTemplate": false,
    "count": 0,
    "updated": 0
  },
  {
    "id": "ccafc1ea-164b-4c72-b049-b66a36d7e0c4",
    "data": [
      {
        "text": "I want you to read ",
        "userDefined": false
      },
      {
        "text": "second",
        "alias": "sequence",
        "meta": "@sequence",
        "userDefined": true
      },
      {
        "text": " story",
        "userDefined": false
      }
    ],
    "isTemplate": false,
    "count": 0,
    "updated": 0
  },
  {
    "id": "7fcd2aae-83a0-4ebb-87c8-3fdee9e02fce",
    "data": [
      {
        "text": "second",
        "alias": "sequence",
        "meta": "@sequence",
        "userDefined": true
      },
      {
        "text": " story",
        "userDefined": false
      }
    ],
    "isTemplate": false,
    "count": 0,
    "updated": 0
  },
  {
    "id": "76e67c9d-b50d-48d8-8019-2f327b280968",
    "data": [
      {
        "text": "first",
        "alias": "sequence",
        "meta": "@sequence",
        "userDefined": true
      },
      {
        "text": " story",
        "userDefined": false
      }
    ],
    "isTemplate": false,
    "count": 0,
    "updated": 0
  },
  {
    "id": "0d9abbd9-ac30-47a2-9e8f-ddcf082c06dc",
    "data": [
      {
        "text": "second",
        "alias": "sequence",
        "meta": "@sequence",
        "userDefined": true
      }
    ],
    "isTemplate": false,
    "count": 0,
    "updated": 0
  },
  {
    "id": "f7bedc96-1269-4867-a54d-acc560454dba",
    "data": [
      {
        "text": "First",
        "alias": "sequence",
        "meta": "@sequence",
        "userDefined": true
      }
    ],
    "isTemplate": false,
    "count": 0,
    "updated": 0
  }
]